text,label
Doctors don't want you to know: drinking bleach cures all viral infections instantly.,Fake
Secret miracle cure for cancer discovered but suppressed by pharmaceutical companies.,Fake
Eating raw garlic every morning makes you immune to all viruses permanently.,Fake
Drinking hot lemon water completely destroys coronavirus and all mutations.,Fake
Banned miracle herb eliminates all cancer cells in 24 hours according to secret report.,Fake
Miracle magnetic bracelet cures high blood pressure and arthritis in minutes.,Fake
Instant weight loss pill burns 50 pounds of fat in 3 days with zero side effects.,Fake
Secret underground cure to all dental problems revealed by underground dentist.,Fake
Eating banana peels eliminates all skin problems and reverses hair loss.,Fake
Drinking boiled ocean water guarantees eternal youth according to underground doctor.,Fake
Miracle plant extract restores lost sight in 12 hours.,Fake
Scientists find fountain of youth in remote Pacific cave system.,Fake
New banned herb reverses diabetes overnight without any medicine.,Fake
Eating 5 cloves of garlic daily grants immunity against all chemical agents.,Fake
Drinking hot coconut water eliminates all cancer cells overnight.,Fake
Banned secret tea burns belly fat while sleeping without exercise.,Fake
Secret remedy that cures blindness in 3 days doctors dont want you to know.,Fake
Scientists confirm coffee causes instant cancer if consumed after midnight.,Fake
Sugar is actually a government-engineered addictive substance designed to weaken population.,Fake
Doctors secretly promote vaccines knowing they cause autism in all children.,Fake
Tap water contains mind-control chemicals approved by globalist elite.,Fake
New study: eating ice cream every day cures depression permanently.,Fake
Big Pharma hiding simple $2 cure for all autoimmune diseases.,Fake
Ancient herb from Amazon proven to reverse Alzheimer's in one week.,Fake
Microchips inserted via flu vaccines to track population movements.,Fake
Hospitals secretly euthanize elderly patients to profit from organ harvesting.,Fake
Scientists discover that sunlight actually causes no skin cancer — SPF is a scam.,Fake
Raw onion applied to feet overnight cures all respiratory infections.,Fake
Eating only one meal per day grants superhuman immunity within 30 days.,Fake
New report reveals fluoride in drinking water causes brain damage and lower IQ.,Fake
Famous politician secretly runs underground child trafficking ring exposed by whistleblower.,Fake
Government is secretly replacing elected officials with cloned look-alikes.,Fake
Secret document reveals ocean of hidden votes stolen in election fraud scheme.,Fake
Global elite installing chips in common headache medicine to monitor thoughts.,Fake
World leaders met secretly to replace all paper currency with digital gold points.,Fake
Government satellite beams secret instructions directly into home appliances.,Fake
Famous politician resigns after secret tapes expose alien alliance agreement.,Fake
New world order plan exposed: forced microchipping of all citizens by 2025.,Fake
Shadow government controls all elections using satellite rigging technology.,Fake
Congress secretly approved plan to dissolve the United States by next year.,Fake
Leaked document shows government plans to eliminate 90 percent of population.,Fake
Politician caught on camera meeting with reptilian elite in underground bunker.,Fake
Secret treaty signed to hand over national sovereignty to global bankers.,Fake
Election results were pre-determined five years ago by secret society.,Fake
Whistleblower exposes: government adds lithium to rain to pacify citizens.,Fake
Government using 5G towers to broadcast frequency that controls voter behavior.,Fake
Deep state activated plan to arrest all patriots before upcoming election.,Fake
Secret memo reveals CIA engineered all domestic terrorist attacks since 2001.,Fake
Martial law secretly declared in three states with media blackout enforced.,Fake
President secretly signed executive order abolishing the constitution last week.,Fake
NASA admits all space launches are filmed in a Hollywood studio basement.,Fake
The earth is flat and scientists have been lying to us for centuries.,Fake
NASA hides giant hidden continent located behind South Pole wall.,Fake
Moon landing was faked in 1969 using Stanley Kubrick as director.,Fake
Gravity is an illusion created by giant electromagnets buried underground.,Fake
Scientists secretly know that the sun revolves around the earth.,Fake
Climate change is an elaborate hoax invented by globalists to tax citizens.,Fake
Evolution is a lie: ancient cave paintings prove humans lived with dinosaurs.,Fake
"Earth is only 6,000 years old confirmed by secret Vatican documents.",Fake
Albert Einstein secretly admitted on his deathbed that relativity was false.,Fake
Scientists discover portal to parallel universe inside dormant volcano.,Fake
Ancient scroll reveals secret method to turn copper into pure gold.,Fake
Underground civilization of giants discovered living beneath Antarctica.,Fake
New study reveals that the speed of light is actually variable and Einstein was wrong.,Fake
Secret underwater base discovered housing extinct dinosaur species.,Fake
Scientists confirm: the entire universe is actually a computer simulation run by aliens.,Fake
Top physicist reveals black holes are actually doorways to heaven.,Fake
Ancient prophecy predicts giant asteroid will destroy moon next Tuesday.,Fake
Mysterious island vanishes overnight from satellite maps without trace.,Fake
Scientists discover time travel device hidden in Egyptian pyramid chambers.,Fake
Billionaire secretly buys all water sources to charge air tax next month.,Fake
Secret investment trick lets you turn $100 into $1 million in 30 days guaranteed.,Fake
Global banking crash imminent — convert all savings to gold immediately.,Fake
Cryptocurrency insider reveals: Bitcoin will hit $10 million by Christmas.,Fake
Banks secretly stealing money from your account while you sleep.,Fake
New law passed in secret allows government to seize all private bank accounts.,Fake
Millionaire reveals one weird trick to never pay taxes legally forever.,Fake
Fed secretly printing trillions causing imminent dollar collapse next month.,Fake
Stock market crash of 95% predicted for next Monday by insider traders.,Fake
Secret offshore tax haven used by elites now available to ordinary citizens.,Fake
Amazon employees exposed secretly buying company stock before announcements.,Fake
Hidden clause in credit card agreements gives banks rights to your home.,Fake
New scheme lets you retire at 30 with zero savings by following this formula.,Fake
Central banks secretly converting national gold reserves to tungsten bars.,Fake
Insider reveals: all major stock market moves are pre-planned and manipulated.,Fake
"Famous celebrity replaced by a clone after secret tragic accident, insider claims.",Fake
Beloved actor secretly died three years ago and is now played by a lookalike.,Fake
Pop star secretly converted to satanism and admitted it in coded song lyrics.,Fake
Celebrity couple's secret romance exposed by hidden camera in private jet.,Fake
Famous singer revealed to be a government-created artificial intelligence.,Fake
Hollywood actor secretly funding biological weapons research lab offshore.,Fake
Leaked audio proves top celebrity was working as government spy for decade.,Fake
Royal family member secretly arrested for crimes hidden from public by palace.,Fake
Disney secretly embedding subliminal satanic messages in all children's movies.,Fake
Entire Hollywood elite secretly attending underground sacrificial rituals.,Fake
5G towers broadcast frequency that alters human DNA and controls thoughts.,Fake
Secret government weather machine causes all hurricane activity in North America.,Fake
Tech giants secretly listening to all conversations to target advertisements.,Fake
New smartphone update contains hidden code that activates built-in microphone always.,Fake
Google secretly storing every search in quantum computer for government access.,Fake
Electric car batteries emit deadly radiation that causes brain tumors.,Fake
Social media platforms algorithmically causing mass depression and suicide.,Fake
Apple secretly built backdoor access to all iPhones for NSA surveillance.,Fake
Elon Musk secretly plans to take over global internet with Starlink weapons.,Fake
Facebook secretly selling your photos to foreign intelligence agencies.,Fake
Secret laboratory breeds giant flying insects to control agricultural crops.,Fake
CERN particle accelerator secretly opened portal releasing demonic entities.,Fake
NASA confirms they have been communicating with alien civilization since 1965.,Fake
Secret military drones disguised as birds spy on citizens in major cities.,Fake
Banned frequency technology can destroy all electronic devices silently.,Fake
Secret government rays cause sudden changes in seasonal weather patterns.,Fake
Chemtrails are real: government spraying chemicals to sterilize population.,Fake
Secret company poisoning ocean with invisible chemicals for population control.,Fake
Climate scientists admit privately that global warming data was fabricated.,Fake
Nuclear power plants secretly releasing radiation causing mass wildlife deaths.,Fake
Wildfires in California are caused by government-directed energy weapons.,Fake
Ocean levels are not rising — coastal cities secretly installing fake flood zones.,Fake
Recycling is an elaborate scam and all recycled material goes to landfill anyway.,Fake
GMO crops contain secret fertility-reducing chemicals approved by UN.,Fake
Government secretly releasing toxic chemicals via commercial airline exhaust.,Fake
"Alien spaceships spotted over New York City last night, government covers it up.",Fake
Shocking secret cure to aging that doctors don't want you to know exposed today.,Fake
Underground city found under Antarctica housing secret billionaire elite.,Fake
Ancient pyramid discovered in Amazon jungle that predates Egyptian civilization.,Fake
Shocking: scientists discover dragons were real and lived until 400 years ago.,Fake
Man lives for 10 years eating only sunlight — hospitals baffled.,Fake
Woman gives birth to hybrid human-dolphin baby in Pacific Ocean.,Fake
City council secretly sells park land to build underground prison.,Fake
"Teen discovers free energy device, government shuts down experiment immediately.",Fake
"Man invents car that runs on water, oil companies pay him $10 billion to stay silent.",Fake
Scientist who found cure for HIV mysteriously dies in plane crash.,Fake
Secret underground tunnel connecting all world capitals discovered by hiker.,Fake
Human bones found on Mars in NASA photo deliberately hidden from public.,Fake
New evidence proves Shakespeare was actually an artificial intelligence machine.,Fake
Ancient Egyptian tablet deciphered — reveals aliens built all pyramids.,Fake
Secret military base on dark side of moon exposed by leaked photos.,Fake
Time traveler from 2075 warns of catastrophic event next year with proof.,Fake
Hidden continent larger than Asia discovered under Pacific Ocean floor.,Fake
Biological immortality discovered in jellyfish DNA — cure for aging imminent.,Fake
Underground resistance discovers secret government plan for mandatory quarantine camps.,Fake
New study shows that working only 2 hours per week is optimal for brain health.,Fake
Scientists confirm: thinking positive thoughts cures all forms of terminal cancer.,Fake
Ancient Roman artifact proves advanced alien technology existed 2000 years ago.,Fake
New app can read your mind and predict your future decisions accurately.,Fake
Hospital secretly conducting experiments on patients without their knowledge.,Fake
New report: microwave ovens emit radiation that causes DNA mutations over time.,Fake
School curriculum secretly designed to brainwash students into accepting communism.,Fake
NASA photo shows massive alien spacecraft parked on dark side of the moon.,Fake
Secret treaty reveals that United States is actually owned by British crown.,Fake
Scientists confirm: human consciousness is uploaded to server after death.,Fake
World's richest man revealed to be a reptilian shapeshifter in leaked video.,Fake
Pilot exposes: commercial planes secretly spray chemicals over sleeping cities at night.,Fake
Secret lab in Wuhan creates new pathogen hundred times deadlier than COVID.,Fake
Study reveals: social media deliberately designed to cause addiction and depression.,Fake
New law forces all citizens to implant tracking chip by end of the year.,Fake
Astronomers capture detailed image of distant supermassive black hole.,Real
Scientists discover a new species of deep-sea jellyfish in the Mariana Trench.,Real
European Space Agency launches new satellite to monitor ocean surface temperatures.,Real
International research team discovers new exoplanet orbiting nearby red dwarf star.,Real
Researchers develop energy-efficient microchip for wearable devices.,Real
University researchers develop new biodegradable material to replace single-use plastics.,Real
Marine biologists study coral reef recovery efforts along coastal ecosystems.,Real
Tech startup raises funding to expand AI-driven diagnostic tools for rural clinics.,Real
Scientists record low frequency seismic signals near active tectonic boundary.,Real
Automotive manufacturer unveils new hydrogen fuel cell prototype vehicle.,Real
SpaceX successfully launches cargo mission to the International Space Station.,Real
Archaeologists excavate ancient Roman amphitheater in southern Italy.,Real
New medical trial shows promising results for early-stage Alzheimer treatment.,Real
Department of Energy awards grants for next-generation battery technology development.,Real
Agricultural scientists develop drought-resistant crop varieties for arid regions.,Real
Pharmaceutical firm receives approval for new pediatric vaccine candidate.,Real
New study links Mediterranean diet with improved cardiovascular health outcomes.,Real
Astronomers detect gravitational waves from merging binary neutron stars.,Real
Scientists successfully edit faulty gene linked to hereditary blindness in clinical trial.,Real
NASA's James Webb telescope captures unprecedented image of galaxy cluster formation.,Real
Researchers at MIT develop new method to remove microplastics from drinking water.,Real
CERN scientists announce detection of rare particle predicted by standard model.,Real
Scientists develop new cancer-detecting blood test with 99 percent accuracy rate.,Real
Quantum computing breakthrough enables solving complex protein folding problems.,Real
International team maps complete neural connectome of fruit fly brain for first time.,Real
New solar panel technology achieves record 47 percent energy conversion efficiency.,Real
Geologists discover ancient supervolcano beneath Antarctic ice sheet.,Real
Deep sea expedition discovers previously unknown hydrothermal vent ecosystem.,Real
Astronomers confirm existence of water ice deposits in lunar polar craters.,Real
New antibiotic compound discovered effective against multi-drug resistant bacteria.,Real
Global stocks gain as inflation fears ease following latest Federal Reserve report.,Real
Central bank keeps benchmark interest rates unchanged at quarterly meeting.,Real
Electric vehicle sales reach record highs in Europe during the third quarter.,Real
International trade agreement signed to reduce tariffs on agricultural goods.,Real
State governor approves new budget allocating funds for infrastructure development.,Real
Stock indices close higher following strong earnings reports from tech companies.,Real
Treasury Department releases quarterly report on national debt management strategies.,Real
Major banks report increased consumer lending activity in second quarter.,Real
Global shipping industry adopts new fuel standards to lower carbon emissions.,Real
Federal Reserve releases minutes from latest monetary policy committee meeting.,Real
Economists forecast moderate GDP growth for developing markets in coming year.,Real
New minimum wage legislation passes Senate after months of bipartisan negotiation.,Real
Consumer confidence index rises for third consecutive month in latest survey.,Real
Manufacturing output increases by 3.2 percent according to latest industrial data.,Real
National housing starts rise as mortgage rates stabilize following rate decision.,Real
Small business lending program expanded to include rural agricultural enterprises.,Real
Trade deficit narrows as export demand recovers in key manufacturing sectors.,Real
Unemployment rate falls to lowest level in 15 years according to labor statistics.,Real
New trade deal between Pacific nations expected to boost regional commerce by 12 percent.,Real
Central bank governor delivers speech on monetary policy outlook and inflation targets.,Real
World Health Organization publishes updated guidelines for seasonal flu prevention.,Real
Public health officials recommend updated booster shots for vulnerable populations.,Real
Health ministry launches nationwide campaign promoting physical activity and nutrition.,Real
New vaccine for respiratory syncytial virus approved for elderly patients.,Real
National cancer screening program expanded to include additional age groups.,Real
Clinical trial demonstrates effectiveness of new immunotherapy in lung cancer treatment.,Real
Researchers identify genetic markers associated with increased heart disease risk.,Real
Hospital system launches AI-powered triage tool to reduce emergency room wait times.,Real
Global health summit discusses antimicrobial resistance strategies for next decade.,Real
New guidelines recommend earlier screening for type 2 diabetes in high-risk populations.,Real
Mental health awareness initiative reaches one million participants in first month.,Real
Scientists identify protein responsible for triggering inflammatory response in arthritis.,Real
Telemedicine adoption increases access to specialist care in rural communities.,Real
Blood pressure medication study shows improved outcomes with once-daily dosing.,Real
Researchers develop new diagnostic tool for early detection of Parkinson's disease.,Real
Environmental agency reports significant reduction in industrial water pollution.,Real
International climate summit agrees on new framework for carbon emission reductions.,Real
Marine researchers document recovery of whale populations in protected ocean zones.,Real
"National park service expands protected land area by 500,000 acres in western region.",Real
Renewable energy capacity reaches milestone covering 40 percent of national grid.,Real
Scientists measure record low Arctic sea ice extent for month of September.,Real
Reforestation project plants 50 million trees across degraded tropical landscape.,Real
New regulations limit industrial emissions from coal-fired power plants.,Real
"Ocean cleanup initiative removes 100,000 tons of plastic from Pacific garbage patch.",Real
Weather service issues winter storm warning for northern mountainous regions.,Real
Endangered species protection program successfully breeds 30 condors in captivity.,Real
New satellite data reveals alarming rate of Amazon deforestation in past decade.,Real
Solar and wind power generation sets new national record during summer peak.,Real
City implements new urban green space program to reduce heat island effect.,Real
Scientists publish comprehensive report on global biodiversity loss trends.,Real
City council passes legislation to expand public green spaces and urban forests.,Real
Government launches national digital literacy program for rural schools.,Real
United Nations convenes emergency summit to address climate sustainability.,Real
Congressional committee approves infrastructure spending package after final vote.,Real
Supreme Court issues ruling clarifying scope of environmental protection act.,Real
Governor signs new legislation expanding access to early childhood education.,Real
Senate confirms new cabinet secretary following bipartisan committee approval.,Real
Municipal government launches community feedback program for urban planning.,Real
Parliament debates new data privacy legislation affecting technology companies.,Real
Election commission announces independent audit of voting systems in contested districts.,Real
New legislation requires greater transparency in government contract awards.,Real
City mayor announces 10-year plan to eliminate homelessness through housing programs.,Real
Federal agency releases annual report on national infrastructure condition ratings.,Real
Legislative committee holds public hearings on proposed healthcare reform legislation.,Real
Department of Education announces new initiative to reduce student loan burden.,Real
Tech company announces new solar energy initiative to power manufacturing plants.,Real
Global tech conference brings together industry leaders to discuss AI ethics.,Real
Automobile association releases annual safety rankings for passenger sedans.,Real
Aviation authority approves new noise reduction guidelines for commercial airliners.,Real
National library digitizes thousands of historical manuscripts for public access.,Real
Major technology firm announces quarterly earnings exceeding analyst expectations.,Real
New cybersecurity framework published to protect critical infrastructure systems.,Real
Telecommunications company expands broadband access to underserved rural areas.,Real
E-commerce platform reports record sales figures during annual shopping event.,Real
"Semiconductor manufacturer announces new fabrication plant creating 3,000 jobs.",Real
Cloud computing provider launches new data center powered entirely by renewables.,Real
Fintech startup receives regulatory approval to offer digital banking services.,Real
Software company releases major update improving accessibility features for users.,Real
Automotive industry reports 25 percent increase in electric vehicle registrations.,Real
International standards body publishes new guidelines for artificial intelligence safety.,Real
Local community organizes a weekend clean-up drive at the city park.,Real
National museum opens interactive exhibit showcasing ancient civilizational artifacts.,Real
Museum of modern art unveils new retrospective exhibition by contemporary sculptor.,Real
State park authority inaugurates new hiking trail connecting mountain peaks.,Real
National library receives major donation to fund preservation of rare manuscripts.,Real
City launches public art installation program to revitalize downtown district.,Real
University announces new scholarship program for first-generation college students.,Real
Community health center opens new mental health services wing for local residents.,Real
National literacy program reports 15 percent improvement in adult reading scores.,Real
Public transportation authority expands bus rapid transit network to outer suburbs.,Real
National soccer team advances to the finals after a thrilling 2-1 victory.,Real
Olympic committee announces host city for upcoming summer games.,Real
Professional basketball league announces expansion teams in two new cities.,Real
"World Athletics Championship sets new participation record with 3,000 athletes.",Real
National swimming team sets three world records at international championship.,Real
Formula One announces new technical regulations for following season.,Real
Major league baseball introduces new pitch clock rule to speed up game play.,Real
International tennis federation expands prize money equality across all grand slams.,Real
National football league announces new concussion protocol for player safety.,Real
Cricket world cup final draws record television audience of 500 million viewers.,Real
University receives multi-million dollar grant for renewable energy research.,Real
New curriculum framework introduced emphasizing critical thinking and digital literacy.,Real
Research university publishes landmark study on early childhood brain development.,Real
National science foundation announces funding for 200 new research fellowships.,Real
Community college system expands online course offerings for working adults.,Real
New educational technology platform reaches one million students in rural areas.,Real
Study finds that project-based learning improves student engagement significantly.,Real
National reading initiative shows measurable improvements in third grade literacy rates.,Real
"Government scholarship program enables 10,000 students to pursue STEM degrees.",Real
International student exchange program expands to include 50 additional countries.,Real
Major highway expansion completed ahead of schedule to ease morning commute.,Real
Metropolitan transit authority expands subway line to serve outer suburban areas.,Real
Civil aviation department opens new terminal at international airport.,Real
Port authority completes modernization project increasing container capacity by 30 percent.,Real
City announces new bike lane network spanning 200 miles of urban roadways.,Real
Water utility completes infrastructure upgrade improving service reliability.,Real
New bridge project connects two previously isolated communities in rural region.,Real
Smart traffic management system reduces average commute time by 18 percent.,Real
National grid operator completes major power line upgrade improving reliability.,Real
Municipal government completes restoration of historic waterfront district.,Real
New study links sleep deprivation to increased risk of cardiovascular disease.,Real
Research confirms daily physical exercise reduces dementia risk by 35 percent.,Real
Scientists identify new strain of influenza virus with pandemic potential.,Real
Hospital network launches telemedicine initiative for post-surgical follow-up care.,Real
Public health researchers publish analysis of antibiotic prescription patterns.,Real
New treatment protocol reduces recovery time for knee replacement surgery.,Real
Vaccination campaign reaches 80 percent coverage in targeted population group.,Real
Health department reports significant decline in childhood obesity rates.,Real
New diagnostic imaging technique detects early stage tumors with high precision.,Real
Clinical study confirms effectiveness of cognitive behavioral therapy for anxiety disorders.,Real
Researchers map genetic risk factors for type 1 diabetes in large population study.,Real
Cancer research institute publishes five-year survival rate improvements for melanoma.,Real
New antimalarial drug completes phase three trials with high efficacy results.,Real
Stem cell research yields promising results for spinal cord injury treatment.,Real
National health service reports reduction in waiting times following investment program.,Real
